jobtitle,company,city,state,country,formattedLocation,source,date,snippet,url,onmousedown,jobkey,sponsored,expired,indeedApply,formattedLocationFull,formattedRelativeTime,noUniqueUrl
"Retail Merchandising Stock Associate","Office Depot","Madison","WI","US","Madison, WI","Office Depot OfficeMax","Mon, 21 Dec 2015 06:34:00 GMT","Previous retail inventory and/or sales/customer service experience is considered an asset. The Merchandising Stock Associate ensures freight is processed...","http://www.indeed.com/viewjob?jk=e97357a3c95cedf6&qd=m1xOB94XTCm6mLs-w7aewTOvHlczHMA9OWh6KD5D6VHKk3pDTyhHp5-2cqd1J3Scbd_EzAfu4daW0PswHQ0EDMXSmLpUnNc6TgruqvNDUaP2KvQQRHeWwmYX5xlhD3zrZCpuUDxSiwHlLEqrzK538fATMMuXqoVAs4lCrZ7tqt2DBfhE8IgzO_q_LQgY-_NZ&indpubnum=4336336693914377&atk=1a7kk8ah45t0vaje","indeed_clk(this, '7252');","e97357a3c95cedf6","false","false","false","Madison, WI","7 days ago","false"
"AT&T Retail Sales Consultant","AT&T","Madison","WI","US","Madison, WI","AT&T","Tue, 22 Dec 2015 02:01:00 GMT","AT&amp;T Wireless, Sales, retail, customer service, sales associate, sales representative, sales consultant, telecommunications, cell phones, commission, retail...","http://www.indeed.com/viewjob?jk=96644a2b8d31f854&qd=m1xOB94XTCm6mLs-w7aewTOvHlczHMA9OWh6KD5D6VHKk3pDTyhHp5-2cqd1J3Scbd_EzAfu4daW0PswHQ0EDMXSmLpUnNc6TgruqvNDUaP2KvQQRHeWwmYX5xlhD3zrZCpuUDxSiwHlLEqrzK538fATMMuXqoVAs4lCrZ7tqt2DBfhE8IgzO_q_LQgY-_NZ&indpubnum=4336336693914377&atk=1a7kk8ah45t0vaje","indeed_clk(this, '7252');","96644a2b8d31f854","false","false","true","Madison, WI","6 days ago","false"
"Retail Cashier","DICK'S Sporting Goods","Madison","WI","US","Madison, WI","Dick's Sporting Goods","Fri, 18 Dec 2015 23:14:25 GMT","1-2 years of Retail Cashier and/or Retail Sales experience preferred. DICK'S Sporting Goods is seeking a part-time Retail Cashier to join our team!...","http://www.indeed.com/viewjob?jk=be5012825c46959b&qd=m1xOB94XTCm6mLs-w7aewTOvHlczHMA9OWh6KD5D6VHKk3pDTyhHp5-2cqd1J3Scbd_EzAfu4daW0PswHQ0EDMXSmLpUnNc6TgruqvNDUaP2KvQQRHeWwmYX5xlhD3zrZCpuUDxSiwHlLEqrzK538fATMMuXqoVAs4lCrZ7tqt2DBfhE8IgzO_q_LQgY-_NZ&indpubnum=4336336693914377&atk=1a7kk8ah45t0vaje","indeed_clk(this, '7252');","be5012825c46959b","false","false","false","Madison, WI","9 days ago","false"
"Retail Sales Associate (part-time)","Bethesda Lutheran Communities","Madison","WI","US","Madison, WI","Indeed","Tue, 22 Dec 2015 16:10:06 GMT","One year of retail experience required. Bethesda Thrift Stores are hiring for part-time retail sales associate positions....","http://www.indeed.com/viewjob?jk=3b3b06cfc1f680c0&qd=m1xOB94XTCm6mLs-w7aewTOvHlczHMA9OWh6KD5D6VHKk3pDTyhHp5-2cqd1J3Scbd_EzAfu4daW0PswHQ0EDMXSmLpUnNc6TgruqvNDUaP2KvQQRHeWwmYX5xlhD3zrZCpuUDxSiwHlLEqrzK538fATMMuXqoVAs4lCrZ7tqt2DBfhE8IgzO_q_LQgY-_NZ&indpubnum=4336336693914377&atk=1a7kk8ah45t0vaje","indeed_clk(this, '7252');","3b3b06cfc1f680c0","false","false","true","Madison, WI","5 days ago","true"
"Retail Sales Consultant Print Services","Office Depot","Madison","WI","US","Madison, WI","Office Depot OfficeMax","Tue, 08 Dec 2015 14:04:00 GMT","Responsibilities: The Sales Consultant, Print Services is responsible for providing exceptional service experience for customers requiring print services. He","http://www.indeed.com/viewjob?jk=67f5b501bfc2abf6&qd=m1xOB94XTCm6mLs-w7aewTOvHlczHMA9OWh6KD5D6VHKk3pDTyhHp5-2cqd1J3Scbd_EzAfu4daW0PswHQ0EDMXSmLpUnNc6TgruqvNDUaP2KvQQRHeWwmYX5xlhD3zrZCpuUDxSiwHlLEqrzK538fATMMuXqoVAs4lCrZ7tqt2DBfhE8IgzO_q_LQgY-_NZ&indpubnum=4336336693914377&atk=1a7kk8ah45t0vaje","indeed_clk(this, '7252');","67f5b501bfc2abf6","false","false","false","Madison, WI","20 days ago","false"
"Retail Sales Consultant","OfficeMax","Madison","WI","US","Madison, WI","Office Depot OfficeMax","Fri, 04 Dec 2015 06:44:32 GMT","The Retail Sales Associate/Sales Consultant is responsible for engaging and providing an exceptional customer service experience....","http://www.indeed.com/viewjob?jk=8f4a48195086e9c5&qd=m1xOB94XTCm6mLs-w7aewTOvHlczHMA9OWh6KD5D6VHKk3pDTyhHp5-2cqd1J3Scbd_EzAfu4daW0PswHQ0EDMXSmLpUnNc6TgruqvNDUaP2KvQQRHeWwmYX5xlhD3zrZCpuUDxSiwHlLEqrzK538fATMMuXqoVAs4lCrZ7tqt2DBfhE8IgzO_q_LQgY-_NZ&indpubnum=4336336693914377&atk=1a7kk8ah45t0vaje","indeed_clk(this, '7252');","8f4a48195086e9c5","false","false","false","Madison, WI","24 days ago","false"
"Retail Sales Associate - Madison, WI (West Towne Mall) Job","Oakley","Madison","WI","US","Madison, WI","Oakley","Sun, 27 Dec 2015 07:17:44 GMT","All retail associates may use available back room seating when the nature of the work reasonably permits. Oakley is not where we work – it’s who we are....","http://www.indeed.com/viewjob?jk=89f469340618b278&qd=m1xOB94XTCm6mLs-w7aewTOvHlczHMA9OWh6KD5D6VHKk3pDTyhHp5-2cqd1J3Scbd_EzAfu4daW0PswHQ0EDMXSmLpUnNc6TgruqvNDUaP2KvQQRHeWwmYX5xlhD3zrZCpuUDxSiwHlLEqrzK538fATMMuXqoVAs4lCrZ7tqt2DBfhE8IgzO_q_LQgY-_NZ&indpubnum=4336336693914377&atk=1a7kk8ah45t0vaje","indeed_clk(this, '7252');","89f469340618b278","false","false","false","Madison, WI","1 day ago","false"
"Retail Sales Consultant Madison Area Stores","AT&T","Madison","WI","US","Madison, WI","AT&T","Tue, 22 Dec 2015 09:37:00 GMT","There are retail jobs, and there are retail careers. As a Retail Sales Consultant, you’ll belong to a supportive team in a fast-paced environment....","http://www.indeed.com/viewjob?jk=6743cdd2d339fa55&qd=m1xOB94XTCm6mLs-w7aewTOvHlczHMA9OWh6KD5D6VHKk3pDTyhHp5-2cqd1J3Scbd_EzAfu4daW0PswHQ0EDMXSmLpUnNc6TgruqvNDUaP2KvQQRHeWwmYX5xlhD3zrZCpuUDxSiwHlLEqrzK538fATMMuXqoVAs4lCrZ7tqt2DBfhE8IgzO_q_LQgY-_NZ&indpubnum=4336336693914377&atk=1a7kk8ah45t0vaje","indeed_clk(this, '7252');","6743cdd2d339fa55","false","false","false","Madison, WI","6 days ago","false"
"Retail Success Lead","Fetch Rewards","Madison","WI","US","Madison, WI","Indeed","Wed, 16 Dec 2015 22:44:27 GMT","Retail Success Lead*. We rely on the Retail Success Lead (RSL) to establish a strong business partnership with their retail clients, and grow the overall Fetch...","http://www.indeed.com/viewjob?jk=3414d6a915e26412&qd=m1xOB94XTCm6mLs-w7aewTOvHlczHMA9OWh6KD5D6VHKk3pDTyhHp5-2cqd1J3Scbd_EzAfu4daW0PswHQ0EDMXSmLpUnNc6TgruqvNDUaP2KvQQRHeWwmYX5xlhD3zrZCpuUDxSiwHlLEqrzK538fATMMuXqoVAs4lCrZ7tqt2DBfhE8IgzO_q_LQgY-_NZ&indpubnum=4336336693914377&atk=1a7kk8ah45t0vaje","indeed_clk(this, '7252');","3414d6a915e26412","false","false","true","Madison, WI 53703","11 days ago","true"
"US Cellular Retail Wireless Consultants - Madison WI","US Cellular - Quality Cellular","Madison","WI","US","Madison, WI","Indeed","Mon, 21 Dec 2015 15:29:00 GMT","A US Cellular exclusive agent, Quality Cellular, is currently looking for Retail Wireless Consultants to add to their retail sales staff at our retail stores on...","http://www.indeed.com/viewjob?jk=59645b3f08c498d6&qd=m1xOB94XTCm6mLs-w7aewTOvHlczHMA9OWh6KD5D6VHKk3pDTyhHp5-2cqd1J3Scbd_EzAfu4daW0PswHQ0EDMXSmLpUnNc6TgruqvNDUaP2KvQQRHeWwmYX5xlhD3zrZCpuUDxSiwHlLEqrzK538fATMMuXqoVAs4lCrZ7tqt2DBfhE8IgzO_q_LQgY-_NZ&indpubnum=4336336693914377&atk=1a7kk8ah45t0vaje","indeed_clk(this, '7252');","59645b3f08c498d6","false","false","true","Madison, WI","7 days ago","true"
"Retail Operations Manager","DICK'S Sporting Goods","Madison","WI","US","Madison, WI","Dick's Sporting Goods","Fri, 18 Dec 2015 23:14:25 GMT","3 years Retail Assistant Store Manager, Department Manager (Big Box preferred) or Retail Store Manager experience required....","http://www.indeed.com/viewjob?jk=d06d422a4ff6cbb8&qd=m1xOB94XTCm6mLs-w7aewTOvHlczHMA9OWh6KD5D6VHKk3pDTyhHp5-2cqd1J3Scbd_EzAfu4daW0PswHQ0EDMXSmLpUnNc6TgruqvNDUaP2KvQQRHeWwmYX5xlhD3zrZCpuUDxSiwHlLEqrzK538fATMMuXqoVAs4lCrZ7tqt2DBfhE8IgzO_q_LQgY-_NZ&indpubnum=4336336693914377&atk=1a7kk8ah45t0vaje","indeed_clk(this, '7252');","d06d422a4ff6cbb8","false","false","false","Madison, WI","9 days ago","false"
"Retail Wireless Consultant - Full Time Madison Metro Area, WI","U.S. Cellular","Madison","WI","US","Madison, WI","U.S. Cellular","Fri, 11 Dec 2015 05:13:27 GMT","U.S. Cellular believes a sale is really a connection. It's an opportunity to understand the changing needs of your customer, and share your extensive...","http://www.indeed.com/viewjob?jk=976652b8cd62e579&qd=m1xOB94XTCm6mLs-w7aewTOvHlczHMA9OWh6KD5D6VHKk3pDTyhHp5-2cqd1J3Scbd_EzAfu4daW0PswHQ0EDMXSmLpUnNc6TgruqvNDUaP2KvQQRHeWwmYX5xlhD3zrZCpuUDxSiwHlLEqrzK538fATMMuXqoVAs4lCrZ7tqt2DBfhE8IgzO_q_LQgY-_NZ&indpubnum=4336336693914377&atk=1a7kk8ah45t0vaje","indeed_clk(this, '7252');","976652b8cd62e579","false","false","false","Madison, WI 53702","17 days ago","false"
"Regional Manager - Stock Retail","Placon","Madison","WI","US","Madison, WI","Placon","Mon, 14 Dec 2015 21:49:02 GMT","The Regional Manager is responsible for initiating and developing strategies in identified markets toward long term relationships with strategic targets. The","http://www.indeed.com/viewjob?jk=2beda8979024b523&qd=m1xOB94XTCm6mLs-w7aewTOvHlczHMA9OWh6KD5D6VHKk3pDTyhHp5-2cqd1J3Scbd_EzAfu4daW0PswHQ0EDMXSmLpUnNc6TgruqvNDUaP2KvQQRHeWwmYX5xlhD3zrZCpuUDxSiwHlLEqrzK538fATMMuXqoVAs4lCrZ7tqt2DBfhE8IgzO_q_LQgY-_NZ&indpubnum=4336336693914377&atk=1a7kk8ah45t0vaje","indeed_clk(this, '7252');","2beda8979024b523","false","false","false","Madison, WI","13 days ago","false"
"Retail Mortgage VP Branch Manager","MB Financial Bank","Madison","WI","US","Madison, WI","MB Financial Bank","Thu, 24 Dec 2015 06:46:00 GMT","Additional future training may be done through the use of technology and Retail Training team. Responsible for managing the branch team activities in...","http://www.indeed.com/viewjob?jk=f05728baecc2c4c9&qd=m1xOB94XTCm6mLs-w7aewTOvHlczHMA9OWh6KD5D6VHKk3pDTyhHp5-2cqd1J3Scbd_EzAfu4daW0PswHQ0EDMXSmLpUnNc6TgruqvNDUaP2KvQQRHeWwmYX5xlhD3zrZCpuUDxSiwHlLEqrzK538fATMMuXqoVAs4lCrZ7tqt2DBfhE8IgzO_q_LQgY-_NZ&indpubnum=4336336693914377&atk=1a7kk8ah45t0vaje","indeed_clk(this, '7252');","f05728baecc2c4c9","false","false","false","Madison, WI","4 days ago","false"
"Footwear Retail Sales Associate","DICK'S Sporting Goods","Madison","WI","US","Madison, WI","Dick's Sporting Goods","Fri, 18 Dec 2015 23:14:26 GMT","1-2 years of Retail Cashier, Retails Sales, or cash-handling experience preferred. DICK'S Sporting Goods is seeking a part-time retail sales associate in our...","http://www.indeed.com/viewjob?jk=11e9b9f7d3a64a6b&qd=m1xOB94XTCm6mLs-w7aewTOvHlczHMA9OWh6KD5D6VHKk3pDTyhHp5-2cqd1J3Scbd_EzAfu4daW0PswHQ0EDMXSmLpUnNc6TgruqvNDUaP2KvQQRHeWwmYX5xlhD3zrZCpuUDxSiwHlLEqrzK538fATMMuXqoVAs4lCrZ7tqt2DBfhE8IgzO_q_LQgY-_NZ&indpubnum=4336336693914377&atk=1a7kk8ah45t0vaje","indeed_clk(this, '7252');","11e9b9f7d3a64a6b","false","false","false","Madison, WI","9 days ago","false"
"Retail Store Manager - Madison East, WI","SalonCentric","Madison","WI","US","Madison, WI","SalonCentric","Fri, 11 Dec 2015 22:35:50 GMT","1 to 3 years of retail management experience. The Store Manager is responsible for providing excellent customer service, hiring, development of team members as...","http://www.indeed.com/viewjob?jk=8637b50a04e1d31b&qd=m1xOB94XTCm6mLs-w7aewTOvHlczHMA9OWh6KD5D6VHKk3pDTyhHp5-2cqd1J3Scbd_EzAfu4daW0PswHQ0EDMXSmLpUnNc6TgruqvNDUaP2KvQQRHeWwmYX5xlhD3zrZCpuUDxSiwHlLEqrzK538fATMMuXqoVAs4lCrZ7tqt2DBfhE8IgzO_q_LQgY-_NZ&indpubnum=4336336693914377&atk=1a7kk8ah45t0vaje","indeed_clk(this, '7252');","8637b50a04e1d31b","false","false","false","Madison, WI","16 days ago","false"
"Customer Service - Retail Cashier","Kwik Trip, Inc.","Madison","WI","US","Madison, WI","Kwik Trip, Inc.","Wed, 25 Nov 2015 17:49:00 GMT","Customer Service - Retail Cashier ( Job Number: 8840131 ) Primary Location WISCONSIN-CLINTONVILLE-884 - 12 W. MADISON ST, CLINTONVILLE, WI Shift...","http://www.indeed.com/viewjob?jk=c351ff0c75b6162c&qd=m1xOB94XTCm6mLs-w7aewTOvHlczHMA9OWh6KD5D6VHKk3pDTyhHp5-2cqd1J3Scbd_EzAfu4daW0PswHQ0EDMXSmLpUnNc6TgruqvNDUaP2KvQQRHeWwmYX5xlhD3zrZCpuUDxSiwHlLEqrzK538fATMMuXqoVAs4lCrZ7tqt2DBfhE8IgzO_q_LQgY-_NZ&indpubnum=4336336693914377&atk=1a7kk8ah45t0vaje","indeed_clk(this, '7252');","c351ff0c75b6162c","false","false","false","Madison, WI","30+ days ago","false"
"RETAIL REP-PT","CROSSMARK","Madison","WI","US","Madison, WI","Crossmark","Tue, 01 Dec 2015 18:28:11 GMT","Executes retail merchandising tasks as scheduled. Prior retail experience is preferred, but not required....","http://www.indeed.com/viewjob?jk=3cd6811c753d801e&qd=m1xOB94XTCm6mLs-w7aewTOvHlczHMA9OWh6KD5D6VHKk3pDTyhHp5-2cqd1J3Scbd_EzAfu4daW0PswHQ0EDMXSmLpUnNc6TgruqvNDUaP2KvQQRHeWwmYX5xlhD3zrZCpuUDxSiwHlLEqrzK538fATMMuXqoVAs4lCrZ7tqt2DBfhE8IgzO_q_LQgY-_NZ&indpubnum=4336336693914377&atk=1a7kk8ah45t0vaje","indeed_clk(this, '7252');","3cd6811c753d801e","false","false","false","Madison, WI","26 days ago","false"
"Customer Service, Retail Sales Associate","Batteries Plus Bulbs","Madison","WI","US","Madison, WI","Batteries Plus Bulbs","Tue, 08 Dec 2015 19:35:30 GMT","Customer Service, Retail Sales, Sales, Customers, Flexible Hours. Ability to gain quick and solid understanding of company's electronic retail and cross...","http://www.indeed.com/viewjob?jk=ad912a86ff1b78cd&qd=m1xOB94XTCm6mLs-w7aewTOvHlczHMA9OWh6KD5D6VHKk3pDTyhHp5-2cqd1J3Scbd_EzAfu4daW0PswHQ0EDMXSmLpUnNc6TgruqvNDUaP2KvQQRHeWwmYX5xlhD3zrZCpuUDxSiwHlLEqrzK538fATMMuXqoVAs4lCrZ7tqt2DBfhE8IgzO_q_LQgY-_NZ&indpubnum=4336336693914377&atk=1a7kk8ah45t0vaje","indeed_clk(this, '7252');","ad912a86ff1b78cd","false","false","false","Madison, WI","19 days ago","false"
"Retail Warehouse Associate (Part Time)","Steinhafels","Madison","WI","US","Madison, WI","Steinhafels","Mon, 30 Nov 2015 20:09:54 GMT","Steinhafels is currently recruiting for associates to work in the furniture backroom in our Madison Superstore. This position has the overall responsibility","http://www.indeed.com/viewjob?jk=6115a5261b8961ab&qd=m1xOB94XTCm6mLs-w7aewTOvHlczHMA9OWh6KD5D6VHKk3pDTyhHp5-2cqd1J3Scbd_EzAfu4daW0PswHQ0EDMXSmLpUnNc6TgruqvNDUaP2KvQQRHeWwmYX5xlhD3zrZCpuUDxSiwHlLEqrzK538fATMMuXqoVAs4lCrZ7tqt2DBfhE8IgzO_q_LQgY-_NZ&indpubnum=4336336693914377&atk=1a7kk8ah45t0vaje","indeed_clk(this, '7252');","6115a5261b8961ab","false","false","false","Madison, WI","27 days ago","false"
"Retail Coverage Merchandiser (WPT) - PT","Acosta Sales & Marketing","Madison","WI","US","Madison, WI","Acosta Sales & Marketing","Fri, 11 Dec 2015 11:34:36 GMT","The Retail Coverage merchandiser primarily provides retail sales merchandising coverage and coverage of retail special projects for an assigned retail territory...","http://www.indeed.com/viewjob?jk=3625190a150d93a7&qd=m1xOB94XTCm6mLs-w7aewTOvHlczHMA9OWh6KD5D6VHKk3pDTyhHp5-2cqd1J3Scbd_EzAfu4daW0PswHQ0EDMXSmLpUnNc6TgruqvNDUaP2KvQQRHeWwmYX5xlhD3zrZCpuUDxSiwHlLEqrzK538fATMMuXqoVAs4lCrZ7tqt2DBfhE8IgzO_q_LQgY-_NZ&indpubnum=4336336693914377&atk=1a7kk8ah45t0vaje","indeed_clk(this, '7252');","3625190a150d93a7","false","false","false","Madison, WI","17 days ago","false"
"Seasonal Retail Sales Part Time Macy's Hilldale Shopping Center","Macy's","Madison","WI","US","Madison, WI","Macy's","Thu, 03 Dec 2015 10:20:00 GMT","Here's what you'll do as a Macy's seasonal retail associate:. Click here to see the complete Seasonal Retail Sales Associate job description....","http://www.indeed.com/viewjob?jk=8e4374e92523119f&qd=m1xOB94XTCm6mLs-w7aewTOvHlczHMA9OWh6KD5D6VHKk3pDTyhHp5-2cqd1J3Scbd_EzAfu4daW0PswHQ0EDMXSmLpUnNc6TgruqvNDUaP2KvQQRHeWwmYX5xlhD3zrZCpuUDxSiwHlLEqrzK538fATMMuXqoVAs4lCrZ7tqt2DBfhE8IgzO_q_LQgY-_NZ&indpubnum=4336336693914377&atk=1a7kk8ah45t0vaje","indeed_clk(this, '7252');","8e4374e92523119f","false","false","false","Madison, WI","25 days ago","false"
"Retail Print Services Supervisor","OfficeMax","Madison","WI","US","Madison, WI","Office Depot OfficeMax","Thu, 03 Dec 2015 05:06:41 GMT","Responsibilities: The Print Services Supervisor is a full-time role, and the person in this position will have ownership of the Print Services area. S/he","http://www.indeed.com/viewjob?jk=b40f4904ea569e55&qd=m1xOB94XTCm6mLs-w7aewTOvHlczHMA9OWh6KD5D6VHKk3pDTyhHp5-2cqd1J3Scbd_EzAfu4daW0PswHQ0EDMXSmLpUnNc6TgruqvNDUaP2KvQQRHeWwmYX5xlhD3zrZCpuUDxSiwHlLEqrzK538fATMMuXqoVAs4lCrZ7tqt2DBfhE8IgzO_q_LQgY-_NZ&indpubnum=4336336693914377&atk=1a7kk8ah45t0vaje","indeed_clk(this, '7252');","b40f4904ea569e55","false","false","false","Madison, WI","25 days ago","false"
"Retail Store Manager","Cycle Gear","Madison","WI","US","Madison, WI","Indeed","Thu, 12 Nov 2015 16:33:44 GMT","Retail management experience? Previous retail management experience; Previous experience with meeting or exceeding sales objectives in a retail environment....","http://www.indeed.com/viewjob?jk=489bfb3e6e273517&qd=m1xOB94XTCm6mLs-w7aewTOvHlczHMA9OWh6KD5D6VHKk3pDTyhHp5-2cqd1J3Scbd_EzAfu4daW0PswHQ0EDMXSmLpUnNc6TgruqvNDUaP2KvQQRHeWwmYX5xlhD3zrZCpuUDxSiwHlLEqrzK538fATMMuXqoVAs4lCrZ7tqt2DBfhE8IgzO_q_LQgY-_NZ&indpubnum=4336336693914377&atk=1a7kk8ah45t0vaje","indeed_clk(this, '7252');","489bfb3e6e273517","false","false","true","Madison, WI","30+ days ago","true"
"Sales Associate - Retail","Things Remembered","Madison","WI","US","Madison, WI","Indeed","Tue, 03 Nov 2015 18:49:52 GMT","Understands basic retail concepts:. Has previous retail or customer service experience, preferably in a selling environment....","http://www.indeed.com/viewjob?jk=0d354836d837c37b&qd=m1xOB94XTCm6mLs-w7aewTOvHlczHMA9OWh6KD5D6VHKk3pDTyhHp5-2cqd1J3Scbd_EzAfu4daW0PswHQ0EDMXSmLpUnNc6TgruqvNDUaP2KvQQRHeWwmYX5xlhD3zrZCpuUDxSiwHlLEqrzK538fATMMuXqoVAs4lCrZ7tqt2DBfhE8IgzO_q_LQgY-_NZ&indpubnum=4336336693914377&atk=1a7kk8ah45t0vaje","indeed_clk(this, '7252');","0d354836d837c37b","false","false","true","Madison, WI","30+ days ago","true"
"Temporary Retail Selling Specialist/Event Makeup Artist (Madison, WI)","Bare Escentuals","Madison","WI","US","Madison, WI","Bare Escentuals","Sun, 22 Nov 2015 10:49:32 GMT","Online, retail, wholesale partners, spa and QVC. Temporary Retail Selling Specialist/Event Makeup Artist (Madison, WI)....","http://www.indeed.com/viewjob?jk=b3accd3a5fc4ffde&qd=m1xOB94XTCm6mLs-w7aewTOvHlczHMA9OWh6KD5D6VHKk3pDTyhHp5-2cqd1J3Scbd_EzAfu4daW0PswHQ0EDMXSmLpUnNc6TgruqvNDUaP2KvQQRHeWwmYX5xlhD3zrZCpuUDxSiwHlLEqrzK538fATMMuXqoVAs4lCrZ7tqt2DBfhE8IgzO_q_LQgY-_NZ&indpubnum=4336336693914377&atk=1a7kk8akq0nqp0vb","indeed_clk(this, '7373');","b3accd3a5fc4ffde","false","false","false","Madison, WI","30+ days ago","false"
"WareHouse Operationg/Retail Assistant/Driver","Hiring & Staff Services, Inc","Madison","WI","US","Madison, WI","Indeed","Thu, 19 Nov 2015 14:38:07 GMT","Customer Service/ Retail:. This position is responsible to meet retail store sales goals and for the development and operation of the retail outlet....","http://www.indeed.com/viewjob?jk=7426506efa7c9ff9&qd=m1xOB94XTCm6mLs-w7aewTOvHlczHMA9OWh6KD5D6VHKk3pDTyhHp5-2cqd1J3Scbd_EzAfu4daW0PswHQ0EDMXSmLpUnNc6TgruqvNDUaP2KvQQRHeWwmYX5xlhD3zrZCpuUDxSiwHlLEqrzK538fATMMuXqoVAs4lCrZ7tqt2DBfhE8IgzO_q_LQgY-_NZ&indpubnum=4336336693914377&atk=1a7kk8akq0nqp0vb","indeed_clk(this, '7373');","7426506efa7c9ff9","false","false","true","Madison, WI","30+ days ago","true"
"Retail Sales Associate","Felly's University Ave","Madison","WI","US","Madison, WI","Indeed","Mon, 09 Nov 2015 21:05:32 GMT","We are looking for energetic, flexible individuals to join our team in a fast paced, creative flower shop environment. Working directly with our clients in","http://www.indeed.com/viewjob?jk=a8498ae123e8bc58&qd=m1xOB94XTCm6mLs-w7aewTOvHlczHMA9OWh6KD5D6VHKk3pDTyhHp5-2cqd1J3Scbd_EzAfu4daW0PswHQ0EDMXSmLpUnNc6TgruqvNDUaP2KvQQRHeWwmYX5xlhD3zrZCpuUDxSiwHlLEqrzK538fATMMuXqoVAs4lCrZ7tqt2DBfhE8IgzO_q_LQgY-_NZ&indpubnum=4336336693914377&atk=1a7kk8akq0nqp0vb","indeed_clk(this, '7373');","a8498ae123e8bc58","false","false","true","Madison, WI","30+ days ago","true"
"RETAIL REP-ENERGY PRODUCTS PT","CROSSMARK","Madison","WI","US","Madison, WI","Crossmark","Thu, 19 Nov 2015 17:48:36 GMT","Retail store environment with some travel. This Retail Merchandising Specialist position will be primarily focused on executing retail merchandising activities...","http://www.indeed.com/viewjob?jk=b3e0a508f1491d4e&qd=m1xOB94XTCm6mLs-w7aewTOvHlczHMA9OWh6KD5D6VHKk3pDTyhHp5-2cqd1J3Scbd_EzAfu4daW0PswHQ0EDMXSmLpUnNc6TgruqvNDUaP2KvQQRHeWwmYX5xlhD3zrZCpuUDxSiwHlLEqrzK538fATMMuXqoVAs4lCrZ7tqt2DBfhE8IgzO_q_LQgY-_NZ&indpubnum=4336336693914377&atk=1a7kk8akq0nqp0vb","indeed_clk(this, '7373');","b3e0a508f1491d4e","false","false","false","Madison, WI","30+ days ago","false"
"Wireless Retail Store Manager-Madison, WI","Universal Wireless","Madison","WI","US","Madison, WI","Universal Wireless","Mon, 16 Nov 2015 07:07:07 GMT","Wireless, retail, sales, commission. The Wireless Retail Store Manager will be responsible for the day to day sales and operations of a retail store location....","http://www.indeed.com/viewjob?jk=12b8a6c4dce96fab&qd=m1xOB94XTCm6mLs-w7aewTOvHlczHMA9OWh6KD5D6VHKk3pDTyhHp5-2cqd1J3Scbd_EzAfu4daW0PswHQ0EDMXSmLpUnNc6TgruqvNDUaP2KvQQRHeWwmYX5xlhD3zrZCpuUDxSiwHlLEqrzK538fATMMuXqoVAs4lCrZ7tqt2DBfhE8IgzO_q_LQgY-_NZ&indpubnum=4336336693914377&atk=1a7kk8akq0nqp0vb","indeed_clk(this, '7373');","12b8a6c4dce96fab","false","false","true","Madison, WI","30+ days ago","false"
"Retail Custodial Associate","PetSmart","Madison","WI","US","Madison, WI","PetSmart","Sat, 31 Oct 2015 13:22:51 GMT","Description: First impressions are important. Custodial Associates assist in providing a great first impression for our Pet Parents by keeping the store","http://www.indeed.com/viewjob?jk=461952556c7e7d1d&qd=m1xOB94XTCm6mLs-w7aewTOvHlczHMA9OWh6KD5D6VHKk3pDTyhHp5-2cqd1J3Scbd_EzAfu4daW0PswHQ0EDMXSmLpUnNc6TgruqvNDUaP2KvQQRHeWwmYX5xlhD3zrZCpuUDxSiwHlLEqrzK538fATMMuXqoVAs4lCrZ7tqt2DBfhE8IgzO_q_LQgY-_NZ&indpubnum=4336336693914377&atk=1a7kk8akq0nqp0vb","indeed_clk(this, '7373');","461952556c7e7d1d","false","false","false","Madison, WI","30+ days ago","false"
"Wireless Retail Technical Consultant-Madison, WI","Universal Wireless","Madison","WI","US","Madison, WI","Universal Wireless","Mon, 16 Nov 2015 07:07:05 GMT","Wireless, retail, sales, commission. Whatever the case may be what makes our team successful is their love for helping people, passion for new technologies, and...","http://www.indeed.com/viewjob?jk=d07e55b867c38bbb&qd=m1xOB94XTCm6mLs-w7aewTOvHlczHMA9OWh6KD5D6VHKk3pDTyhHp5-2cqd1J3Scbd_EzAfu4daW0PswHQ0EDMXSmLpUnNc6TgruqvNDUaP2KvQQRHeWwmYX5xlhD3zrZCpuUDxSiwHlLEqrzK538fATMMuXqoVAs4lCrZ7tqt2DBfhE8IgzO_q_LQgY-_NZ&indpubnum=4336336693914377&atk=1a7kk8akq0nqp0vb","indeed_clk(this, '7373');","d07e55b867c38bbb","false","false","true","Madison, WI","30+ days ago","false"
"Retail Sales Associate - Part Time","MarketSource Inc.","Madison","WI","US","Madison, WI","MarketSource Inc.","Fri, 11 Dec 2015 07:31:31 GMT","Retail Sales Associate - Part-Time. Engaging in side-by-side selling with retail associates. Developing and managing positive business relationships with retail...","http://www.indeed.com/viewjob?jk=e62b126abcb4483a&qd=m1xOB94XTCm6mLs-w7aewTOvHlczHMA9OWh6KD5D6VHKk3pDTyhHp5-2cqd1J3Scbd_EzAfu4daW0PswHQ0EDMXSmLpUnNc6TgruqvNDUaP2KvQQRHeWwmYX5xlhD3zrZCpuUDxSiwHlLEqrzK538fATMMuXqoVAs4lCrZ7tqt2DBfhE8IgzO_q_LQgY-_NZ&indpubnum=4336336693914377&atk=1a7kk8akq0nqp0vb","indeed_clk(this, '7373');","e62b126abcb4483a","false","false","false","Madison, WI","17 days ago","false"
"Lucky Brand #2642: Seasonal Retail Career Opportunities - Madison, WI","Lucky Brand Jeans","Madison","WI","US","Madison, WI","Lucky Brand Jeans","Tue, 10 Nov 2015 18:22:30 GMT","The brand also produces apparel, shoes, accessories and jewelry for men and women that are sold at 248 retail stores (and counting) within the U.S., high-end...","http://www.indeed.com/viewjob?jk=7211083c47b5c607&qd=m1xOB94XTCm6mLs-w7aewTOvHlczHMA9OWh6KD5D6VHKk3pDTyhHp5-2cqd1J3Scbd_EzAfu4daW0PswHQ0EDMXSmLpUnNc6TgruqvNDUaP2KvQQRHeWwmYX5xlhD3zrZCpuUDxSiwHlLEqrzK538fATMMuXqoVAs4lCrZ7tqt2DBfhE8IgzO_q_LQgY-_NZ&indpubnum=4336336693914377&atk=1a7kk8akq0nqp0vb","indeed_clk(this, '7373');","7211083c47b5c607","false","false","false","Madison, WI","30+ days ago","false"
"Inside Sales Account Manager - Retail","Douglas Stewart","Madison","WI","US","Madison, WI","Douglas Stewart","Sat, 07 Nov 2015 17:36:09 GMT","The Douglas Stewart Company, an international distributor and marketer of computer software, consumer electronics, and school supplies to college bookstores","http://www.indeed.com/viewjob?jk=0b1d5624c113e26f&qd=m1xOB94XTCm6mLs-w7aewTOvHlczHMA9OWh6KD5D6VHKk3pDTyhHp5-2cqd1J3Scbd_EzAfu4daW0PswHQ0EDMXSmLpUnNc6TgruqvNDUaP2KvQQRHeWwmYX5xlhD3zrZCpuUDxSiwHlLEqrzK538fATMMuXqoVAs4lCrZ7tqt2DBfhE8IgzO_q_LQgY-_NZ&indpubnum=4336336693914377&atk=1a7kk8akq0nqp0vb","indeed_clk(this, '7373');","0b1d5624c113e26f","false","false","false","Madison, WI","30+ days ago","false"
"Seasonal Retail Stock Part Time Late - Receiving and Merchandiser Macy’s Hilldale Shopping Center","Macy's","Madison","WI","US","Madison, WI","Macy's","Wed, 16 Dec 2015 16:16:00 GMT","Seasonal retail stock receiving and seasonal retail stock merchandising. Retail stock associates schedules vary....","http://www.indeed.com/viewjob?jk=90a60b81d2e4186f&qd=m1xOB94XTCm6mLs-w7aewTOvHlczHMA9OWh6KD5D6VHKk3pDTyhHp5-2cqd1J3Scbd_EzAfu4daW0PswHQ0EDMXSmLpUnNc6TgruqvNDUaP2KvQQRHeWwmYX5xlhD3zrZCpuUDxSiwHlLEqrzK538fATMMuXqoVAs4lCrZ7tqt2DBfhE8IgzO_q_LQgY-_NZ&indpubnum=4336336693914377&atk=1a7kk8akq0nqp0vb","indeed_clk(this, '7373');","90a60b81d2e4186f","false","false","false","Madison, WI","11 days ago","false"
"Retail Sales Associate","Bethesda Lutheran Communities","Madison","WI","US","Madison, WI","Bethesda Lutheran Communities","Wed, 28 Oct 2015 17:12:52 GMT","One year of retail experience required. Sales Associates are dedicated to providing fast, friendly service to our customers and donors....","http://www.indeed.com/viewjob?jk=98b00964275b44c3&qd=m1xOB94XTCm6mLs-w7aewTOvHlczHMA9OWh6KD5D6VHKk3pDTyhHp5-2cqd1J3Scbd_EzAfu4daW0PswHQ0EDMXSmLpUnNc6TgruqvNDUaP2KvQQRHeWwmYX5xlhD3zrZCpuUDxSiwHlLEqrzK538fATMMuXqoVAs4lCrZ7tqt2DBfhE8IgzO_q_LQgY-_NZ&indpubnum=4336336693914377&atk=1a7kk8akq0nqp0vb","indeed_clk(this, '7373');","98b00964275b44c3","false","false","false","Madison, WI","30+ days ago","false"
"Retail Custodial Associate (Part Time)","PetSmart","Madison","WI","US","Madison, WI","PetSmart","Mon, 26 Oct 2015 13:26:40 GMT","Description: First impressions are important. Custodial Associates assist in providing a great first impression for our Pet Parents by keeping the store","http://www.indeed.com/viewjob?jk=6acdb35fbab4d90a&qd=m1xOB94XTCm6mLs-w7aewTOvHlczHMA9OWh6KD5D6VHKk3pDTyhHp5-2cqd1J3Scbd_EzAfu4daW0PswHQ0EDMXSmLpUnNc6TgruqvNDUaP2KvQQRHeWwmYX5xlhD3zrZCpuUDxSiwHlLEqrzK538fATMMuXqoVAs4lCrZ7tqt2DBfhE8IgzO_q_LQgY-_NZ&indpubnum=4336336693914377&atk=1a7kk8akq0nqp0vb","indeed_clk(this, '7373');","6acdb35fbab4d90a","false","false","false","Madison, WI","30+ days ago","false"
"Retail Sales Associate: Excellent Pay & Commission Upto $12/hour","Cricket Wireless Authorized Dealer","Madison","WI","US","Madison, WI","Indeed","Fri, 23 Oct 2015 19:05:09 GMT","Retail Sales Representative Responsibilities:. Â€¢ At least one year retail experience in sales or customer service....","http://www.indeed.com/viewjob?jk=4d1bc4a266b14e46&qd=m1xOB94XTCm6mLs-w7aewTOvHlczHMA9OWh6KD5D6VHKk3pDTyhHp5-2cqd1J3Scbd_EzAfu4daW0PswHQ0EDMXSmLpUnNc6TgruqvNDUaP2KvQQRHeWwmYX5xlhD3zrZCpuUDxSiwHlLEqrzK538fATMMuXqoVAs4lCrZ7tqt2DBfhE8IgzO_q_LQgY-_NZ&indpubnum=4336336693914377&atk=1a7kk8akq0nqp0vb","indeed_clk(this, '7373');","4d1bc4a266b14e46","false","false","true","Madison, WI","30+ days ago","true"
"Part-Time Retail Sales Associate","IDNA Brands","Madison","WI","US","Madison, WI","MyHeadway","Mon, 30 Nov 2015 09:01:18 GMT","A background in retail or customer service. Requirements of the Seasonal Retail Sales Associate include:....","http://www.indeed.com/viewjob?jk=a9b94d640cb9d88e&qd=m1xOB94XTCm6mLs-w7aewTOvHlczHMA9OWh6KD5D6VHKk3pDTyhHp5-2cqd1J3Scbd_EzAfu4daW0PswHQ0EDMXSmLpUnNc6TgruqvNDUaP2KvQQRHeWwmYX5xlhD3zrZCpuUDxSiwHlLEqrzK538fATMMuXqoVAs4lCrZ7tqt2DBfhE8IgzO_q_LQgY-_NZ&indpubnum=4336336693914377&atk=1a7kk8akq0nqp0vb","indeed_clk(this, '7373');","a9b94d640cb9d88e","false","false","false","Madison, WI","28 days ago","false"
"Retail Merchandising/Warehouse-Shipping Assistant","Diversified Personnel Services","Madison","WI","US","Madison, WI","Indeed","Fri, 30 Oct 2015 15:00:25 GMT","Retail Merchandising/Warehouse-Shipping Assistant:. Retail and General Warehouse Duties Include:. Looking for an experienced Retail Clerk to start work ASAP....","http://www.indeed.com/viewjob?jk=24802f4199e0c37b&qd=m1xOB94XTCm6mLs-w7aewTOvHlczHMA9OWh6KD5D6VHKk3pDTyhHp5-2cqd1J3Scbd_EzAfu4daW0PswHQ0EDMXSmLpUnNc6TgruqvNDUaP2KvQQRHeWwmYX5xlhD3zrZCpuUDxSiwHlLEqrzK538fATMMuXqoVAs4lCrZ7tqt2DBfhE8IgzO_q_LQgY-_NZ&indpubnum=4336336693914377&atk=1a7kk8akq0nqp0vb","indeed_clk(this, '7373');","24802f4199e0c37b","false","false","true","Madison, WI","30+ days ago","true"
"Retail Sales & Customer Service - Part-Time","MarketSource Inc.","Madison","WI","US","Madison, WI","MarketSource Inc.","Wed, 09 Dec 2015 13:48:00 GMT","Retail Sales Representative (Part time). Are you looking for an opportunity to build skills you need to be successful in your “dream” job?...","http://www.indeed.com/viewjob?jk=ec495311451787e8&qd=m1xOB94XTCm6mLs-w7aewTOvHlczHMA9OWh6KD5D6VHKk3pDTyhHp5-2cqd1J3Scbd_EzAfu4daW0PswHQ0EDMXSmLpUnNc6TgruqvNDUaP2KvQQRHeWwmYX5xlhD3zrZCpuUDxSiwHlLEqrzK538fATMMuXqoVAs4lCrZ7tqt2DBfhE8IgzO_q_LQgY-_NZ&indpubnum=4336336693914377&atk=1a7kk8akq0nqp0vb","indeed_clk(this, '7373');","ec495311451787e8","false","false","false","Madison, WI","19 days ago","false"
"Assemblers and Retail Service Rep","Apollo Retail Specialists","Madison","WI","US","Madison, WI","Indeed","Tue, 29 Sep 2015 18:33:02 GMT","Assemblers and Retail Service Rep Needed! Apollo is a national retail services organization that places a priority on our excellent customer service;...","http://www.indeed.com/viewjob?jk=b47539118bee5539&qd=m1xOB94XTCm6mLs-w7aewTOvHlczHMA9OWh6KD5D6VHKk3pDTyhHp5-2cqd1J3Scbd_EzAfu4daW0PswHQ0EDMXSmLpUnNc6TgruqvNDUaP2KvQQRHeWwmYX5xlhD3zrZCpuUDxSiwHlLEqrzK538fATMMuXqoVAs4lCrZ7tqt2DBfhE8IgzO_q_LQgY-_NZ&indpubnum=4336336693914377&atk=1a7kk8akq0nqp0vb","indeed_clk(this, '7373');","b47539118bee5539","false","false","true","Madison, WI","30+ days ago","true"
"Retail Gift Registry Advisor, Part Time: Madison, WI, Macy’s Hilldale Shopping Center","Macy's","Madison","WI","US","Madison, WI","Macy's","Wed, 23 Dec 2015 19:15:35 GMT","Retail or sales experience in customer service focused business. Must be able to work a four-week fixed rotating retail schedule including days, evenings and...","http://www.indeed.com/viewjob?jk=690c65bb4a6d2a27&qd=m1xOB94XTCm6mLs-w7aewTOvHlczHMA9OWh6KD5D6VHKk3pDTyhHp5-2cqd1J3Scbd_EzAfu4daW0PswHQ0EDMXSmLpUnNc6TgruqvNDUaP2KvQQRHeWwmYX5xlhD3zrZCpuUDxSiwHlLEqrzK538fATMMuXqoVAs4lCrZ7tqt2DBfhE8IgzO_q_LQgY-_NZ&indpubnum=4336336693914377&atk=1a7kk8akq0nqp0vb","indeed_clk(this, '7373');","690c65bb4a6d2a27","false","false","false","Madison, WI","4 days ago","false"
"Retail Senior Sales Consultant Furniture","OfficeMax","Madison","WI","US","Madison, WI","Office Depot OfficeMax","Sat, 17 Oct 2015 05:50:47 GMT","Responsibilities: The Sr. Sales Consultant-Furniture is a full-time role, and the person in this position will have ownership of the Furniture area. S/he","http://www.indeed.com/viewjob?jk=4075a86b3414b1c7&qd=m1xOB94XTCm6mLs-w7aewTOvHlczHMA9OWh6KD5D6VHKk3pDTyhHp5-2cqd1J3Scbd_EzAfu4daW0PswHQ0EDMXSmLpUnNc6TgruqvNDUaP2KvQQRHeWwmYX5xlhD3zrZCpuUDxSiwHlLEqrzK538fATMMuXqoVAs4lCrZ7tqt2DBfhE8IgzO_q_LQgY-_NZ&indpubnum=4336336693914377&atk=1a7kk8akq0nqp0vb","indeed_clk(this, '7373');","4075a86b3414b1c7","false","false","false","Madison, WI","30+ days ago","false"
"Part-Time Retail Rep.","Nestlé USA","Madison","WI","US","Madison, WI","Nestle USA","Thu, 08 Oct 2015 17:55:47 GMT","Ensure retail price tags are displayed, maintain all Point-of-Sales materials and utilize current flavor schematics for all products....","http://www.indeed.com/viewjob?jk=4e4cd8269490d5ee&qd=m1xOB94XTCm6mLs-w7aewTOvHlczHMA9OWh6KD5D6VHKk3pDTyhHp5-2cqd1J3Scbd_EzAfu4daW0PswHQ0EDMXSmLpUnNc6TgruqvNDUaP2KvQQRHeWwmYX5xlhD3zrZCpuUDxSiwHlLEqrzK538fATMMuXqoVAs4lCrZ7tqt2DBfhE8IgzO_q_LQgY-_NZ&indpubnum=4336336693914377&atk=1a7kk8akq0nqp0vb","indeed_clk(this, '7373');","4e4cd8269490d5ee","false","false","false","Madison, WI","30+ days ago","false"
"Retail Sales Teammate","Tires Plus Total Car Care","Madison","WI","US","Madison, WI","Tires Plus Total Car Care","Wed, 28 Oct 2015 21:05:29 GMT","Retail Sales Teammate. Demonstrated success in retail sales management is a plus. In fact, our goal is to develop and advance talented retail sales associates...","http://www.indeed.com/viewjob?jk=42058c194b43814a&qd=m1xOB94XTCm6mLs-w7aewTOvHlczHMA9OWh6KD5D6VHKk3pDTyhHp5-2cqd1J3Scbd_EzAfu4daW0PswHQ0EDMXSmLpUnNc6TgruqvNDUaP2KvQQRHeWwmYX5xlhD3zrZCpuUDxSiwHlLEqrzK538fATMMuXqoVAs4lCrZ7tqt2DBfhE8IgzO_q_LQgY-_NZ&indpubnum=4336336693914377&atk=1a7kk8akq0nqp0vb","indeed_clk(this, '7373');","42058c194b43814a","false","false","false","Madison, WI","30+ days ago","false"
"Oracle Retek (Retail ERP)","Artha Solutions","Madison","WI","US","Madison, WI","Indeed","Tue, 15 Sep 2015 20:46:58 GMT","Retail Price Management, Retail Merchandising System, Retail Invoice Matching, Retail Sales Audit, and Retail Trade Management....","http://www.indeed.com/viewjob?jk=b63b37d5c1f3dc9a&qd=m1xOB94XTCm6mLs-w7aewTOvHlczHMA9OWh6KD5D6VHKk3pDTyhHp5-2cqd1J3Scbd_EzAfu4daW0PswHQ0EDMXSmLpUnNc6TgruqvNDUaP2KvQQRHeWwmYX5xlhD3zrZCpuUDxSiwHlLEqrzK538fATMMuXqoVAs4lCrZ7tqt2DBfhE8IgzO_q_LQgY-_NZ&indpubnum=4336336693914377&atk=1a7kk8akq0nqp0vb","indeed_clk(this, '7373');","b63b37d5c1f3dc9a","false","false","true","Madison, WI","30+ days ago","true"
"Retail Senior Sales Consultant Technology","Office Depot","Madison","WI","US","Madison, WI","Office Depot OfficeMax","Wed, 07 Oct 2015 08:53:03 GMT","Responsibilities: The Sr. Sales Consultant-Technology is a full-time role, and the person in this position will have ownership of the Technology & Tech","http://www.indeed.com/viewjob?jk=ee1fb3dc53e262e9&qd=m1xOB94XTCm6mLs-w7aewTOvHlczHMA9OWh6KD5D6VHKk3pDTyhHp5-2cqd1J3Scbd_EzAfu4daW0PswHQ0EDMXSmLpUnNc6TgruqvNDUaP2KvQQRHeWwmYX5xlhD3zrZCpuUDxSiwHlLEqrzK538fATMMuXqoVAs4lCrZ7tqt2DBfhE8IgzO_q_LQgY-_NZ&indpubnum=4336336693914377&atk=1a7kk8akq0nqp0vb","indeed_clk(this, '7373');","ee1fb3dc53e262e9","false","false","false","Madison, WI","30+ days ago","false"
"Retail Sales Teammate","Firestone Complete Auto Care","Madison","WI","US","Madison, WI","Firestone Complete Auto Care","Tue, 27 Oct 2015 14:31:17 GMT","Retail Sales Teammate. Demonstrated success in retail sales management is a plus. Bridgestone Retail Operations, LLC employs over 22,000 teammates in North...","http://www.indeed.com/viewjob?jk=239803f9aa70cbac&qd=m1xOB94XTCm6mLs-w7aewTOvHlczHMA9OWh6KD5D6VHKk3pDTyhHp5-2cqd1J3Scbd_EzAfu4daW0PswHQ0EDMXSmLpUnNc6TgruqvNDUaP2KvQQRHeWwmYX5xlhD3zrZCpuUDxSiwHlLEqrzK538fATMMuXqoVAs4lCrZ7tqt2DBfhE8IgzO_q_LQgY-_NZ&indpubnum=4336336693914377&atk=1a7kk8akq0nqp0vb","indeed_clk(this, '7373');","239803f9aa70cbac","false","false","false","Madison, WI","30+ days ago","false"
"Lucky Brand - Retail Career Opportunities","Lucky Brand Jeans","Madison","WI","US","Madison, WI","Lucky Brand Jeans","Wed, 09 Sep 2015 17:14:03 GMT","A minimum of 2-3 years work experience in specialty, luxury goods or a comparable retail environment; Are you seeking a high energy, personal selling work...","http://www.indeed.com/viewjob?jk=f068c17ca3320d96&qd=m1xOB94XTCm6mLs-w7aewTOvHlczHMA9OWh6KD5D6VHKk3pDTyhHp5-2cqd1J3Scbd_EzAfu4daW0PswHQ0EDMXSmLpUnNc6TgruqvNDUaP2KvQQRHeWwmYX5xlhD3zrZCpuUDxSiwHlLEqrzK538fATMMuXqoVAs4lCrZ7tqt2DBfhE8IgzO_q_LQgY-_NZ&indpubnum=4336336693914377&atk=1a7kk8asf5mh1959","indeed_clk(this, '7489');","f068c17ca3320d96","false","false","false","Madison, WI","30+ days ago","false"
"Retail Store Shift Supervisor","CVS Health","Madison","WI","US","Madison, WI","CVS Health","Sun, 04 Oct 2015 14:43:39 GMT","Hourly Retail, Retail Store Manager. Previous retail experience Education:. As the nation's largest pharmacy health care provider, we offer a wide range of...","http://www.indeed.com/viewjob?jk=dec4680db9a5f70a&qd=m1xOB94XTCm6mLs-w7aewTOvHlczHMA9OWh6KD5D6VHKk3pDTyhHp5-2cqd1J3Scbd_EzAfu4daW0PswHQ0EDMXSmLpUnNc6TgruqvNDUaP2KvQQRHeWwmYX5xlhD3zrZCpuUDxSiwHlLEqrzK538fATMMuXqoVAs4lCrZ7tqt2DBfhE8IgzO_q_LQgY-_NZ&indpubnum=4336336693914377&atk=1a7kk8asf5mh1959","indeed_clk(this, '7489');","dec4680db9a5f70a","false","false","false","Madison, WI","30+ days ago","false"
"Retail Club Associates","Sam's Club","Madison","WI","US","Madison, WI","Monster","Tue, 08 Dec 2015 18:08:30 GMT","If being part of this unique retail experience interests you, read more about the career opportunities waiting for you at Sam’s Club. Join the Club!...","http://www.indeed.com/viewjob?jk=256aa44681c4aed2&qd=m1xOB94XTCm6mLs-w7aewTOvHlczHMA9OWh6KD5D6VHKk3pDTyhHp5-2cqd1J3Scbd_EzAfu4daW0PswHQ0EDMXSmLpUnNc6TgruqvNDUaP2KvQQRHeWwmYX5xlhD3zrZCpuUDxSiwHlLEqrzK538fATMMuXqoVAs4lCrZ7tqt2DBfhE8IgzO_q_LQgY-_NZ&indpubnum=4336336693914377&atk=1a7kk8asf5mh1959","indeed_clk(this, '7489');","256aa44681c4aed2","false","false","false","Madison, WI","19 days ago","false"
"Retail Sales Specialist - Fitbit","Creative Channel Services, LLC","Madison","WI","US","Madison, WI","Creative Channel Services, LLC","Sat, 24 Oct 2015 21:31:03 GMT","A Retail Sales Specialist is responsible for engaging customers at major retail locations and training them on the benefits of Fitbit products and services....","http://www.indeed.com/viewjob?jk=ee8ec2faf6a47a15&qd=m1xOB94XTCm6mLs-w7aewTOvHlczHMA9OWh6KD5D6VHKk3pDTyhHp5-2cqd1J3Scbd_EzAfu4daW0PswHQ0EDMXSmLpUnNc6TgruqvNDUaP2KvQQRHeWwmYX5xlhD3zrZCpuUDxSiwHlLEqrzK538fATMMuXqoVAs4lCrZ7tqt2DBfhE8IgzO_q_LQgY-_NZ&indpubnum=4336336693914377&atk=1a7kk8asf5mh1959","indeed_clk(this, '7489');","ee8ec2faf6a47a15","false","false","false","Madison, WI","30+ days ago","false"
"Retail Sales Consultant","Slumberland Furniture","Madison","WI","US","Madison, WI","Slumberland Furniture","Mon, 05 Oct 2015 05:10:31 GMT","Retail Sales Consultant Company:. We understand that retail and a commission-based career can be a scary proposition for some....","http://www.indeed.com/viewjob?jk=84c757bdbff0e9f4&qd=m1xOB94XTCm6mLs-w7aewTOvHlczHMA9OWh6KD5D6VHKk3pDTyhHp5-2cqd1J3Scbd_EzAfu4daW0PswHQ0EDMXSmLpUnNc6TgruqvNDUaP2KvQQRHeWwmYX5xlhD3zrZCpuUDxSiwHlLEqrzK538fATMMuXqoVAs4lCrZ7tqt2DBfhE8IgzO_q_LQgY-_NZ&indpubnum=4336336693914377&atk=1a7kk8asf5mh1959","indeed_clk(this, '7489');","84c757bdbff0e9f4","false","false","false","Madison, WI","30+ days ago","false"
"FT Retail Under Armour (Apparel) Sales & Merchandising Associate W Madison","DICK'S Sporting Goods","Madison","WI","US","Madison, WI","Dick's Sporting Goods","Tue, 13 Oct 2015 23:44:05 GMT","Ability to provide excellent customer service with a commitment to retail. Passion for Under Armour?...","http://www.indeed.com/viewjob?jk=9fcbb64190171955&qd=m1xOB94XTCm6mLs-w7aewTOvHlczHMA9OWh6KD5D6VHKk3pDTyhHp5-2cqd1J3Scbd_EzAfu4daW0PswHQ0EDMXSmLpUnNc6TgruqvNDUaP2KvQQRHeWwmYX5xlhD3zrZCpuUDxSiwHlLEqrzK538fATMMuXqoVAs4lCrZ7tqt2DBfhE8IgzO_q_LQgY-_NZ&indpubnum=4336336693914377&atk=1a7kk8asf5mh1959","indeed_clk(this, '7489');","9fcbb64190171955","false","false","false","Madison, WI","30+ days ago","false"
"Oracle Application Manager-Retail","Bluestone","Madison","WI","US","Madison, WI","CareerBuilder","Tue, 01 Dec 2015 16:39:21 GMT","Retail Price Management, Retail Merchandising System, Retail Invoice Matching, Retail Sales Audit, and Retail Trade Management....","http://www.indeed.com/viewjob?jk=9ff111026e35a71e&qd=m1xOB94XTCm6mLs-w7aewTOvHlczHMA9OWh6KD5D6VHKk3pDTyhHp5-2cqd1J3Scbd_EzAfu4daW0PswHQ0EDMXSmLpUnNc6TgruqvNDUaP2KvQQRHeWwmYX5xlhD3zrZCpuUDxSiwHlLEqrzK538fATMMuXqoVAs4lCrZ7tqt2DBfhE8IgzO_q_LQgY-_NZ&indpubnum=4336336693914377&atk=1a7kk8asf5mh1959","indeed_clk(this, '7489');","9ff111026e35a71e","false","false","false","Madison, WI","26 days ago","false"
"Seasonal Retail Commission Sales Fine Jewelry Part Time Macy's Hilldale Shopping Center","Macy's","Madison","WI","US","Madison, WI","Macy's","Wed, 02 Dec 2015 06:50:12 GMT","Job Overview: The Seasonal Fine Jewelry Associate is responsible for providing outstanding customer service, meeting hourly sales and Star Rewards goals on a","http://www.indeed.com/viewjob?jk=b23ad254c5f3c57a&qd=m1xOB94XTCm6mLs-w7aewTOvHlczHMA9OWh6KD5D6VHKk3pDTyhHp5-2cqd1J3Scbd_EzAfu4daW0PswHQ0EDMXSmLpUnNc6TgruqvNDUaP2KvQQRHeWwmYX5xlhD3zrZCpuUDxSiwHlLEqrzK538fATMMuXqoVAs4lCrZ7tqt2DBfhE8IgzO_q_LQgY-_NZ&indpubnum=4336336693914377&atk=1a7kk8asf5mh1959","indeed_clk(this, '7489');","b23ad254c5f3c57a","false","false","false","Madison, WI","26 days ago","false"
"AT&T Retail Store Manager","AT&T","Madison","WI","US","Madison, WI","AT&T","Fri, 13 Nov 2015 19:05:51 GMT","AT&amp;T Wireless, Cricket, Metro PCS, Boost Mobile, Sales, retail, customer service, sales associate, sales representative, sales consultant, telecommunications,...","http://www.indeed.com/viewjob?jk=de1b44b3c9ccfa77&qd=m1xOB94XTCm6mLs-w7aewTOvHlczHMA9OWh6KD5D6VHKk3pDTyhHp5-2cqd1J3Scbd_EzAfu4daW0PswHQ0EDMXSmLpUnNc6TgruqvNDUaP2KvQQRHeWwmYX5xlhD3zrZCpuUDxSiwHlLEqrzK538fATMMuXqoVAs4lCrZ7tqt2DBfhE8IgzO_q_LQgY-_NZ&indpubnum=4336336693914377&atk=1a7kk8asf5mh1959","indeed_clk(this, '7489');","de1b44b3c9ccfa77","false","false","true","Madison, WI","30+ days ago","false"
"Retail Sales Consultant","Slumberland, Inc.","Madison","WI","US","Madison, WI","Slumberland, Inc.","Mon, 28 Sep 2015 22:35:47 GMT","Retail Sales Consultant with Outstanding Management Potential. We understand that retail and a commission-based career can be a scary proposition for some....","http://www.indeed.com/viewjob?jk=1bb75d6c205b8f00&qd=m1xOB94XTCm6mLs-w7aewTOvHlczHMA9OWh6KD5D6VHKk3pDTyhHp5-2cqd1J3Scbd_EzAfu4daW0PswHQ0EDMXSmLpUnNc6TgruqvNDUaP2KvQQRHeWwmYX5xlhD3zrZCpuUDxSiwHlLEqrzK538fATMMuXqoVAs4lCrZ7tqt2DBfhE8IgzO_q_LQgY-_NZ&indpubnum=4336336693914377&atk=1a7kk8asf5mh1959","indeed_clk(this, '7489');","1bb75d6c205b8f00","false","false","false","Madison, WI","30+ days ago","false"
"Seasonal Retail Support Receiving and Merchandiser Part Time Early Macy’s Hilldale Shopping Center","Macy's","Madison","WI","US","Madison, WI","Macy's","Sat, 21 Nov 2015 06:52:26 GMT","The two Seasonal Retail Stock Associate roles are Seasonal Retail Stock Receiving and Seasonal Retail Stock Merchandising....","http://www.indeed.com/viewjob?jk=7d04af57a22bc377&qd=m1xOB94XTCm6mLs-w7aewTOvHlczHMA9OWh6KD5D6VHKk3pDTyhHp5-2cqd1J3Scbd_EzAfu4daW0PswHQ0EDMXSmLpUnNc6TgruqvNDUaP2KvQQRHeWwmYX5xlhD3zrZCpuUDxSiwHlLEqrzK538fATMMuXqoVAs4lCrZ7tqt2DBfhE8IgzO_q_LQgY-_NZ&indpubnum=4336336693914377&atk=1a7kk8asf5mh1959","indeed_clk(this, '7489');","7d04af57a22bc377","false","false","false","Madison, WI","30+ days ago","false"
"Retail Sales Associate","T-Mobile - TPR Chicago","Madison","WI","US","Madison, WI","Indeed","Sat, 12 Sep 2015 20:23:18 GMT","Retail Sales Associate*. Customers pay a visit to your retail store location&amp;mdash;some may be browsing, and some may be ready to buy....","http://www.indeed.com/viewjob?jk=b572faf4242216da&qd=m1xOB94XTCm6mLs-w7aewTOvHlczHMA9OWh6KD5D6VHKk3pDTyhHp5-2cqd1J3Scbd_EzAfu4daW0PswHQ0EDMXSmLpUnNc6TgruqvNDUaP2KvQQRHeWwmYX5xlhD3zrZCpuUDxSiwHlLEqrzK538fATMMuXqoVAs4lCrZ7tqt2DBfhE8IgzO_q_LQgY-_NZ&indpubnum=4336336693914377&atk=1a7kk8asf5mh1959","indeed_clk(this, '7489');","b572faf4242216da","false","false","true","Madison, WI","30+ days ago","true"
"Retail Assistant Store Managers for our Madison stores!","DICK'S Sporting Goods","Madison","WI","US","Madison, WI","Dick's Sporting Goods","Thu, 03 Sep 2015 01:22:15 GMT","3 years Retail Assistant Store. Manager, Department Manager (Big Box preferred) or Retail Store Manager. Goods is seeking Assistant Store Managers (Hardlines &amp;...","http://www.indeed.com/viewjob?jk=ea25490fcbb68b83&qd=m1xOB94XTCm6mLs-w7aewTOvHlczHMA9OWh6KD5D6VHKk3pDTyhHp5-2cqd1J3Scbd_EzAfu4daW0PswHQ0EDMXSmLpUnNc6TgruqvNDUaP2KvQQRHeWwmYX5xlhD3zrZCpuUDxSiwHlLEqrzK538fATMMuXqoVAs4lCrZ7tqt2DBfhE8IgzO_q_LQgY-_NZ&indpubnum=4336336693914377&atk=1a7kk8asf5mh1959","indeed_clk(this, '7489');","ea25490fcbb68b83","false","false","false","Madison, WI","30+ days ago","false"
"Retail Coverage Merchandiser - PT","Acosta Sales & Marketing","Madison","WI","US","Madison, WI","Acosta Sales & Marketing","Fri, 09 Oct 2015 19:00:42 GMT","The Retail Coverage merchandiser primarily provides retail sales merchandising coverage and coverage of retail special projects for an assigned retail territory...","http://www.indeed.com/viewjob?jk=7a6dbe8647027105&qd=m1xOB94XTCm6mLs-w7aewTOvHlczHMA9OWh6KD5D6VHKk3pDTyhHp5-2cqd1J3Scbd_EzAfu4daW0PswHQ0EDMXSmLpUnNc6TgruqvNDUaP2KvQQRHeWwmYX5xlhD3zrZCpuUDxSiwHlLEqrzK538fATMMuXqoVAs4lCrZ7tqt2DBfhE8IgzO_q_LQgY-_NZ&indpubnum=4336336693914377&atk=1a7kk8asf5mh1959","indeed_clk(this, '7489');","7a6dbe8647027105","false","false","false","Madison, WI","30+ days ago","false"
"Seasonal Retail Support Receiving and Merchandiser Part Time Late Macy’s Hilldale Shopping Center","Macy's","Madison","WI","US","Madison, WI","Macy's","Sat, 21 Nov 2015 06:52:27 GMT","The two Seasonal Retail Stock Associate roles are Seasonal Retail Stock Receiving and Seasonal Retail Stock Merchandising....","http://www.indeed.com/viewjob?jk=bb0fd9049dfb84d9&qd=m1xOB94XTCm6mLs-w7aewTOvHlczHMA9OWh6KD5D6VHKk3pDTyhHp5-2cqd1J3Scbd_EzAfu4daW0PswHQ0EDMXSmLpUnNc6TgruqvNDUaP2KvQQRHeWwmYX5xlhD3zrZCpuUDxSiwHlLEqrzK538fATMMuXqoVAs4lCrZ7tqt2DBfhE8IgzO_q_LQgY-_NZ&indpubnum=4336336693914377&atk=1a7kk8asf5mh1959","indeed_clk(this, '7489');","bb0fd9049dfb84d9","false","false","false","Madison, WI","30+ days ago","false"
"RETAIL REP-FT","CROSSMARK","Madison","WI","US","Madison, WI","Crossmark","Tue, 15 Sep 2015 20:14:00 GMT","Retail store environment with some travel. Prior retail experience is preferred, but not required. Ability to implement retail schematics and merchandising...","http://www.indeed.com/viewjob?jk=2a2a792950509eae&qd=m1xOB94XTCm6mLs-w7aewTOvHlczHMA9OWh6KD5D6VHKk3pDTyhHp5-2cqd1J3Scbd_EzAfu4daW0PswHQ0EDMXSmLpUnNc6TgruqvNDUaP2KvQQRHeWwmYX5xlhD3zrZCpuUDxSiwHlLEqrzK538fATMMuXqoVAs4lCrZ7tqt2DBfhE8IgzO_q_LQgY-_NZ&indpubnum=4336336693914377&atk=1a7kk8asf5mh1959","indeed_clk(this, '7489');","2a2a792950509eae","false","false","false","Madison, WI","30+ days ago","false"
"Salesperson - New Business Development - Madison","M&M Office Interiors, Inc.","Madison","WI","US","Madison, WI","Indeed","Wed, 25 Nov 2015 15:23:09 GMT","Salesperson- New Business Development*. M&amp;M Office Interiors a company that specializes in office space efficiency, profitability and image is looking for...","http://www.indeed.com/viewjob?jk=adcf1a26266bd018&qd=m1xOB94XTCm6mLs-w7aewTOvHlczHMA9OWh6KD5D6VHKk3pDTyhHp5-2cqd1J3Scbd_EzAfu4daW0PswHQ0EDMXSmLpUnNc6TgruqvNDUaP2KvQQRHeWwmYX5xlhD3zrZCpuUDxSiwHlLEqrzK538fATMMuXqoVAs4lCrZ7tqt2DBfhE8IgzO_q_LQgY-_NZ&indpubnum=4336336693914377&atk=1a7kk8asf5mh1959","indeed_clk(this, '7489');","adcf1a26266bd018","false","false","true","Madison, WI","30+ days ago","true"
"IMPACT Retail Service Merchandiser","Acosta Sales & Marketing","Madison","WI","US","Madison, WI","Acosta Sales & Marketing","Thu, 03 Sep 2015 06:32:45 GMT","Have a working knowledge of merchandising and retail terminology. Refrigerated and freezer sections of retail stores) for limited periods of time....","http://www.indeed.com/viewjob?jk=6fff6b5aa6e67bb6&qd=m1xOB94XTCm6mLs-w7aewTOvHlczHMA9OWh6KD5D6VHKk3pDTyhHp5-2cqd1J3Scbd_EzAfu4daW0PswHQ0EDMXSmLpUnNc6TgruqvNDUaP2KvQQRHeWwmYX5xlhD3zrZCpuUDxSiwHlLEqrzK538fATMMuXqoVAs4lCrZ7tqt2DBfhE8IgzO_q_LQgY-_NZ&indpubnum=4336336693914377&atk=1a7kk8asf5mh1959","indeed_clk(this, '7489');","6fff6b5aa6e67bb6","false","false","false","Madison, WI","30+ days ago","false"
"Oracle Retail Application Manager","Engage Partners","Madison","WI","US","Madison, WI","Engage Partners","Tue, 20 Oct 2015 22:53:03 GMT","My client in WI is looking for an experienced and hands-on Oracle Retail Application Manager. The ideal candidate will have experience implementing Oracle...","http://www.indeed.com/viewjob?jk=493aba36eefe343c&qd=m1xOB94XTCm6mLs-w7aewTOvHlczHMA9OWh6KD5D6VHKk3pDTyhHp5-2cqd1J3Scbd_EzAfu4daW0PswHQ0EDMXSmLpUnNc6TgruqvNDUaP2KvQQRHeWwmYX5xlhD3zrZCpuUDxSiwHlLEqrzK538fATMMuXqoVAs4lCrZ7tqt2DBfhE8IgzO_q_LQgY-_NZ&indpubnum=4336336693914377&atk=1a7kk8asf5mh1959","indeed_clk(this, '7489');","493aba36eefe343c","false","false","false","Madison, WI","30+ days ago","false"
"Retail Sales Associate (Key Holder)","Destination XL Group","Madison","WI","US","Madison, WI","Destination XL Group","Sun, 20 Sep 2015 14:23:13 GMT","Retail Sales Associate. Is seeking a Retail Sales Associate to join our retail team. Retail Sales Associate (Key Holder). 1-2 years of luxury retail experience;...","http://www.indeed.com/viewjob?jk=d926946eb4afa859&qd=m1xOB94XTCm6mLs-w7aewTOvHlczHMA9OWh6KD5D6VHKk3pDTyhHp5-2cqd1J3Scbd_EzAfu4daW0PswHQ0EDMXSmLpUnNc6TgruqvNDUaP2KvQQRHeWwmYX5xlhD3zrZCpuUDxSiwHlLEqrzK538fATMMuXqoVAs4lCrZ7tqt2DBfhE8IgzO_q_LQgY-_NZ&indpubnum=4336336693914377&atk=1a7kk8asf5mh1959","indeed_clk(this, '7489');","d926946eb4afa859","false","false","false","Madison, WI","30+ days ago","false"
"Retail Merchandiser","Premium Retail Services, Inc.","Madison","WI","US","Madison, WI","Premium Retail Services, Inc.","Tue, 08 Sep 2015 08:08:01 GMT","Premium Retail Services. Premium Retail Services is that edge. Family owned and operated, Premium's strong and steady growth has made us an industry leader in...","http://www.indeed.com/viewjob?jk=64dc8388d2b8a029&qd=m1xOB94XTCm6mLs-w7aewTOvHlczHMA9OWh6KD5D6VHKk3pDTyhHp5-2cqd1J3Scbd_EzAfu4daW0PswHQ0EDMXSmLpUnNc6TgruqvNDUaP2KvQQRHeWwmYX5xlhD3zrZCpuUDxSiwHlLEqrzK538fATMMuXqoVAs4lCrZ7tqt2DBfhE8IgzO_q_LQgY-_NZ&indpubnum=4336336693914377&atk=1a7kk8asf5mh1959","indeed_clk(this, '7489');","64dc8388d2b8a029","false","false","false","Madison, WI","30+ days ago","false"
"Retail Reset Merchandiser Part Time","Advantage Sales and Marketing","Madison","WI","US","Madison, WI","Advantage Sales and Marketing","Tue, 06 Oct 2015 02:05:09 GMT","Previous retail experience (preferred). Retail Reset Merchandiser PART Time. Retail Reset Merchandisers are responsible for showcasing products at our client’s...","http://www.indeed.com/viewjob?jk=7c1626315b4a963a&qd=m1xOB94XTCm6mLs-w7aewTOvHlczHMA9OWh6KD5D6VHKk3pDTyhHp5-2cqd1J3Scbd_EzAfu4daW0PswHQ0EDMXSmLpUnNc6TgruqvNDUaP2KvQQRHeWwmYX5xlhD3zrZCpuUDxSiwHlLEqrzK538fATMMuXqoVAs4lCrZ7tqt2DBfhE8IgzO_q_LQgY-_NZ&indpubnum=4336336693914377&atk=1a7kk8asf5mh1959","indeed_clk(this, '7489');","7c1626315b4a963a","false","false","false","Madison, WI","30+ days ago","false"
